{
	"info": {
		"_postman_id": "49c95b61-4565-4061-87ad-b7d5cbb7b5d0",
		"name": "Logs",
		"schema": "https://schema.getpostman.com/json/collection/v2.1.0/collection.json"
	},
	"item": [
		{
			"name": "Logs",
			"request": {
				"method": "POST",
				"header": [],
				"body": {
					"mode": "raw",
					"raw": "{\r\n  \"limit\": 10,\r\n  \"offset\": 0,\r\n  \"keywords\": \"\"\r\n}",
					"options": {
						"raw": {
							"language": "json"
						}
					}
				},
				"url": {
					"raw": "{{server}}/api/logs",
					"host": [
						"{{server}}"
					],
					"path": [
						"api",
						"logs"
					]
				}
			},
			"response": []
		},
		{
			"name": "Logs Get",
			"protocolProfileBehavior": {
				"disableBodyPruning": true
			},
			"request": {
				"method": "GET",
				"header": [],
				"body": {
					"mode": "raw",
					"raw": "{\r\n  \"limit\": 10,\r\n  \"offset\": 0,\r\n  \"keywords\": \"\"\r\n}",
					"options": {
						"raw": {
							"language": "json"
						}
					}
				},
				"url": {
					"raw": "{{server}}/api/logs/1",
					"host": [
						"{{server}}"
					],
					"path": [
						"api",
						"logs",
						"1"
					]
				}
			},
			"response": []
		}
	],
	"auth": {
		"type": "bearer",
		"bearer": [
			{
				"key": "token",
				"value": "{{token}}",
				"type": "string"
			}
		]
	},
	"event": [
		{
			"listen": "prerequest",
			"script": {
				"type": "text/javascript",
				"exec": [
					""
				]
			}
		},
		{
			"listen": "test",
			"script": {
				"type": "text/javascript",
				"exec": [
					""
				]
			}
		}
	]
}