{
	"info": {
		"_postman_id": "21d7aa61-57f5-44c1-80bb-03ff7b75c785",
		"name": "Notifications",
		"schema": "https://schema.getpostman.com/json/collection/v2.1.0/collection.json"
	},
	"item": [
		{
			"name": "Notifications",
			"request": {
				"method": "POST",
				"header": [],
				"body": {
					"mode": "raw",
					"raw": "{\r\n  \"limit\": 10,\r\n  \"offset\": 0,\r\n  \"keywords\": \"\"\r\n}",
					"options": {
						"raw": {
							"language": "json"
						}
					}
				},
				"url": {
					"raw": "{{server}}/api/notifications",
					"host": [
						"{{server}}"
					],
					"path": [
						"api",
						"notifications"
					]
				}
			},
			"response": []
		},
		{
			"name": "Notifications See",
			"request": {
				"method": "POST",
				"header": [],
				"url": {
					"raw": "{{server}}/api/notifications/see/2",
					"host": [
						"{{server}}"
					],
					"path": [
						"api",
						"notifications",
						"see",
						"2"
					]
				}
			},
			"response": []
		},
		{
			"name": "Notifications Delete One",
			"request": {
				"method": "DELETE",
				"header": [],
				"url": {
					"raw": "{{server}}/api/notifications/2",
					"host": [
						"{{server}}"
					],
					"path": [
						"api",
						"notifications",
						"2"
					]
				}
			},
			"response": []
		},
		{
			"name": "Notifications Delete All",
			"request": {
				"method": "DELETE",
				"header": [],
				"url": {
					"raw": "{{server}}/api/notifications/all",
					"host": [
						"{{server}}"
					],
					"path": [
						"api",
						"notifications",
						"all"
					]
				}
			},
			"response": []
		}
	],
	"auth": {
		"type": "bearer",
		"bearer": [
			{
				"key": "token",
				"value": "{{token}}",
				"type": "string"
			}
		]
	},
	"event": [
		{
			"listen": "prerequest",
			"script": {
				"type": "text/javascript",
				"exec": [
					""
				]
			}
		},
		{
			"listen": "test",
			"script": {
				"type": "text/javascript",
				"exec": [
					""
				]
			}
		}
	]
}