{
	"info": {
		"_postman_id": "81fb2dee-2979-4bbd-bbb4-f9e0884051e2",
		"name": "User",
		"schema": "https://schema.getpostman.com/json/collection/v2.1.0/collection.json"
	},
	"item": [
		{
			"name": "User Regular Register",
			"event": [
				{
					"listen": "test",
					"script": {
						"exec": [
							""
						],
						"type": "text/javascript"
					}
				}
			],
			"request": {
				"auth": {
					"type": "noauth"
				},
				"method": "POST",
				"header": [],
				"body": {
					"mode": "raw",
					"raw": "{\r\n  \"email\": \"malisobh2010@gmail.com\",\r\n  \"password\": \"User@2020\",\r\n  \"confirm_password\": \"User@2020\",\r\n  \"first_name\": \"Mohamed\",\r\n  \"last_name\": \"Hussein\",\r\n  \"mobile\": null,\r\n  \"device_sid\": \"B96E1D0D-C871-4161-8AF2-5A186517C179\",\r\n  \"device_token\": \"dbiLFH9-50RpvPxjswK_OJ:APA91bFf0ycukAvUki3hz16KJTm3WAk2EF-oVrV6izgrvnJZq7X8_YHYsYpeK_wx0SDxyBEDYmawiKYCMNPe9SiDr5mfxK8z5DAFc8pe93V7XNIwdV3o55Zk5LdbOOyVawdlb9ocu_Z8\"\r\n}",
					"options": {
						"raw": {
							"language": "json"
						}
					}
				},
				"url": {
					"raw": "{{server}}/api/register",
					"host": [
						"{{server}}"
					],
					"path": [
						"api",
						"register"
					]
				}
			},
			"response": []
		},
		{
			"name": "User Social Register",
			"event": [
				{
					"listen": "test",
					"script": {
						"exec": [
							""
						],
						"type": "text/javascript"
					}
				}
			],
			"request": {
				"auth": {
					"type": "noauth"
				},
				"method": "POST",
				"header": [],
				"body": {
					"mode": "raw",
					"raw": "{\r\n  \"email\": \"malisobh2010@gmail.com\",\r\n  \"first_name\": \"Mohamed\",\r\n  \"last_name\": \"Sobh\",\r\n  \"social_name\": \"facebook\",\r\n  \"social_token\": \"eyJ0eXAiOiJKV1QiLCJhbGciOiJSUzI1NiJ9.eyJhdWQiOiIxIiwianRpIjoiNjM2ZjIzNGEzMDdhMDg0NjE4\",\r\n  \"device_sid\": \"12345678\",\r\n  \"device_token\": \"12345678\"\r\n}",
					"options": {
						"raw": {
							"language": "json"
						}
					}
				},
				"url": {
					"raw": "{{server}}/api/register",
					"host": [
						"{{server}}"
					],
					"path": [
						"api",
						"register"
					]
				}
			},
			"response": []
		},
		{
			"name": "User Acivate By Email",
			"event": [
				{
					"listen": "test",
					"script": {
						"exec": [
							""
						],
						"type": "text/javascript"
					}
				}
			],
			"request": {
				"method": "POST",
				"header": [],
				"body": {
					"mode": "raw",
					"raw": "{}",
					"options": {
						"raw": {
							"language": "json"
						}
					}
				},
				"url": {
					"raw": "{{server}}/api/users/activate/email",
					"host": [
						"{{server}}"
					],
					"path": [
						"api",
						"users",
						"activate",
						"email"
					]
				}
			},
			"response": []
		},
		{
			"name": "User Acivate By Mobile",
			"event": [
				{
					"listen": "test",
					"script": {
						"exec": [
							""
						],
						"type": "text/javascript"
					}
				}
			],
			"request": {
				"method": "POST",
				"header": [],
				"body": {
					"mode": "raw",
					"raw": "{}",
					"options": {
						"raw": {
							"language": "json"
						}
					}
				},
				"url": {
					"raw": "{{server}}/api/users/activate/mobile",
					"host": [
						"{{server}}"
					],
					"path": [
						"api",
						"users",
						"activate",
						"mobile"
					]
				}
			},
			"response": []
		},
		{
			"name": "User Verify By Email",
			"event": [
				{
					"listen": "test",
					"script": {
						"exec": [
							""
						],
						"type": "text/javascript"
					}
				}
			],
			"request": {
				"method": "POST",
				"header": [],
				"body": {
					"mode": "raw",
					"raw": "{\"code\":\"797088\"}",
					"options": {
						"raw": {
							"language": "json"
						}
					}
				},
				"url": {
					"raw": "{{server}}/api/users/verify/email",
					"host": [
						"{{server}}"
					],
					"path": [
						"api",
						"users",
						"verify",
						"email"
					]
				}
			},
			"response": []
		},
		{
			"name": "User Verify By Mobile",
			"event": [
				{
					"listen": "test",
					"script": {
						"exec": [
							""
						],
						"type": "text/javascript"
					}
				}
			],
			"request": {
				"method": "POST",
				"header": [],
				"body": {
					"mode": "raw",
					"raw": "{\"code\":\"797088\"}",
					"options": {
						"raw": {
							"language": "json"
						}
					}
				},
				"url": {
					"raw": "{{server}}/api/users/verify/mobile",
					"host": [
						"{{server}}"
					],
					"path": [
						"api",
						"users",
						"verify",
						"mobile"
					]
				}
			},
			"response": []
		},
		{
			"name": "User Regular Login",
			"event": [
				{
					"listen": "test",
					"script": {
						"exec": [
							""
						],
						"type": "text/javascript"
					}
				}
			],
			"request": {
				"auth": {
					"type": "noauth"
				},
				"method": "POST",
				"header": [],
				"body": {
					"mode": "raw",
					"raw": "{\r\n  \"email\": \"admin@website.com\",\r\n  \"password\": \"User@2020\",\r\n  \"device_sid\": \"1234\",\r\n  \"device_token\": \"8723897987\"\r\n}",
					"options": {
						"raw": {
							"language": "json"
						}
					}
				},
				"url": {
					"raw": "{{server}}/api/login",
					"host": [
						"{{server}}"
					],
					"path": [
						"api",
						"login"
					]
				}
			},
			"response": []
		},
		{
			"name": "User Regular ReLogin",
			"event": [
				{
					"listen": "test",
					"script": {
						"exec": [
							""
						],
						"type": "text/javascript"
					}
				}
			],
			"request": {
				"auth": {
					"type": "noauth"
				},
				"method": "POST",
				"header": [],
				"body": {
					"mode": "raw",
					"raw": "{\r\n  \"email\": \"admin@website.com\",\r\n  \"password\": \"User@2020\",\r\n  \"device_sid\": \"1234\",\r\n  \"device_token\": \"8723897987\"\r\n}",
					"options": {
						"raw": {
							"language": "json"
						}
					}
				},
				"url": {
					"raw": "{{server}}/api/relogin",
					"host": [
						"{{server}}"
					],
					"path": [
						"api",
						"relogin"
					]
				}
			},
			"response": []
		},
		{
			"name": "User Logout",
			"event": [
				{
					"listen": "test",
					"script": {
						"exec": [
							""
						],
						"type": "text/javascript"
					}
				}
			],
			"request": {
				"auth": {
					"type": "noauth"
				},
				"method": "POST",
				"header": [],
				"body": {
					"mode": "raw",
					"raw": "{\r\n  \"email\": \"admin@website.com\",\r\n  \"password\": \"User@2020\",\r\n  \"device_sid\": \"1234\",\r\n  \"device_token\": \"8723897987\"\r\n}",
					"options": {
						"raw": {
							"language": "json"
						}
					}
				},
				"url": {
					"raw": "{{server}}/api/logout",
					"host": [
						"{{server}}"
					],
					"path": [
						"api",
						"logout"
					]
				}
			},
			"response": []
		},
		{
			"name": "User Social Login",
			"event": [
				{
					"listen": "test",
					"script": {
						"exec": [
							""
						],
						"type": "text/javascript"
					}
				}
			],
			"request": {
				"auth": {
					"type": "noauth"
				},
				"method": "POST",
				"header": [],
				"body": {
					"mode": "raw",
					"raw": "{\r\n  \"email\": \"malisobh2010@gmail.com\",\r\n  \"first_name\": \"Mohamed\",\r\n  \"last_name\": \"Sobh\",\r\n  \"social_name\": \"apple\",\r\n  \"social_token\": \"eyJ0eXAiOiJKV1QiLCJhbGciOiJSUzI1NiJ9.eyJhdWQiOiIxIiwianRpIjoiNjM2ZjIzNGEzMDdhMDg0NjE4MG\",\r\n  \"device_sid\": \"12345678\",\r\n  \"device_token\": \"12345678\"\r\n}",
					"options": {
						"raw": {
							"language": "json"
						}
					}
				},
				"url": {
					"raw": "{{server}}/api/login",
					"host": [
						"{{server}}"
					],
					"path": [
						"api",
						"login"
					]
				}
			},
			"response": []
		},
		{
			"name": "User Reset by Email",
			"event": [
				{
					"listen": "test",
					"script": {
						"exec": [
							""
						],
						"type": "text/javascript"
					}
				}
			],
			"request": {
				"auth": {
					"type": "noauth"
				},
				"method": "POST",
				"header": [],
				"body": {
					"mode": "raw",
					"raw": "{\"email\":\"malisobh2010@gmail.com\"}",
					"options": {
						"raw": {
							"language": "json"
						}
					}
				},
				"url": {
					"raw": "{{server}}/api/reset",
					"host": [
						"{{server}}"
					],
					"path": [
						"api",
						"reset"
					]
				}
			},
			"response": []
		},
		{
			"name": "User Reset by Mobile",
			"event": [
				{
					"listen": "test",
					"script": {
						"exec": [
							""
						],
						"type": "text/javascript"
					}
				}
			],
			"request": {
				"auth": {
					"type": "noauth"
				},
				"method": "POST",
				"header": [],
				"body": {
					"mode": "raw",
					"raw": "{\"mobile\":\"+38762310116\"}",
					"options": {
						"raw": {
							"language": "json"
						}
					}
				},
				"url": {
					"raw": "{{server}}/api/reset",
					"host": [
						"{{server}}"
					],
					"path": [
						"api",
						"reset"
					]
				}
			},
			"response": []
		},
		{
			"name": "User Change Password",
			"event": [
				{
					"listen": "test",
					"script": {
						"exec": [
							""
						],
						"type": "text/javascript"
					}
				}
			],
			"request": {
				"method": "PUT",
				"header": [],
				"body": {
					"mode": "raw",
					"raw": "{\"old_password\":\"User@2020\",\"password\":\"User@2020\",\"confirm_password\":\"User@2020\"}",
					"options": {
						"raw": {
							"language": "json"
						}
					}
				},
				"url": {
					"raw": "{{server}}/api/users/password",
					"host": [
						"{{server}}"
					],
					"path": [
						"api",
						"users",
						"password"
					]
				}
			},
			"response": []
		},
		{
			"name": "User Details",
			"event": [
				{
					"listen": "test",
					"script": {
						"exec": [
							""
						],
						"type": "text/javascript"
					}
				}
			],
			"protocolProfileBehavior": {
				"disableBodyPruning": true
			},
			"request": {
				"method": "GET",
				"header": [],
				"body": {
					"mode": "raw",
					"raw": "{}",
					"options": {
						"raw": {
							"language": "json"
						}
					}
				},
				"url": {
					"raw": "{{server}}/api/users/details",
					"host": [
						"{{server}}"
					],
					"path": [
						"api",
						"users",
						"details"
					]
				}
			},
			"response": []
		},
		{
			"name": "User Edit",
			"event": [
				{
					"listen": "test",
					"script": {
						"exec": [
							""
						],
						"type": "text/javascript"
					}
				}
			],
			"request": {
				"method": "PUT",
				"header": [],
				"body": {
					"mode": "raw",
					"raw": "{\r\n  \"email\": \"admin@website.com\",\r\n  \"first_name\": \"System\",\r\n  \"last_name\": \"Admin\",\r\n  \"mobile\": \"+201111580099\",\r\n  \"birthdate\": \"1974-03-05\"\r\n}",
					"options": {
						"raw": {
							"language": "json"
						}
					}
				},
				"url": {
					"raw": "{{server}}/api/users",
					"host": [
						"{{server}}"
					],
					"path": [
						"api",
						"users"
					]
				}
			},
			"response": []
		},
		{
			"name": "Users Update Photo",
			"event": [
				{
					"listen": "test",
					"script": {
						"exec": [
							""
						],
						"type": "text/javascript"
					}
				}
			],
			"request": {
				"method": "POST",
				"header": [],
				"body": {
					"mode": "formdata",
					"formdata": [
						{
							"key": "photo",
							"type": "file",
							"src": "7xXiYxvZL/1.jpg"
						}
					]
				},
				"url": {
					"raw": "{{server}}/api/users/photo",
					"host": [
						"{{server}}"
					],
					"path": [
						"api",
						"users",
						"photo"
					]
				}
			},
			"response": []
		},
		{
			"name": "User Settings",
			"event": [
				{
					"listen": "test",
					"script": {
						"exec": [
							""
						],
						"type": "text/javascript"
					}
				}
			],
			"request": {
				"method": "POST",
				"header": [],
				"body": {
					"mode": "raw",
					"raw": "{}",
					"options": {
						"raw": {
							"language": "json"
						}
					}
				},
				"url": {
					"raw": "{{server}}/api/users/settings",
					"host": [
						"{{server}}"
					],
					"path": [
						"api",
						"users",
						"settings"
					]
				}
			},
			"response": []
		}
	],
	"auth": {
		"type": "bearer",
		"bearer": [
			{
				"key": "token",
				"value": "{{token}}",
				"type": "string"
			}
		]
	},
	"event": [
		{
			"listen": "prerequest",
			"script": {
				"type": "text/javascript",
				"exec": [
					""
				]
			}
		},
		{
			"listen": "test",
			"script": {
				"type": "text/javascript",
				"exec": [
					""
				]
			}
		}
	]
}