{
	"info": {
		"_postman_id": "f77a38e0-1644-42d7-b464-953fbee8607f",
		"name": "Users",
		"schema": "https://schema.getpostman.com/json/collection/v2.1.0/collection.json"
	},
	"item": [
		{
			"name": "Users",
			"event": [
				{
					"listen": "test",
					"script": {
						"exec": [
							""
						],
						"type": "text/javascript"
					}
				}
			],
			"request": {
				"method": "POST",
				"header": [],
				"body": {
					"mode": "raw",
					"raw": "{\r\n  \"limit\": 10,\r\n  \"offset\": 0,\r\n  \"keywords\": \"\",\r\n  \"removed\": 0,\r\n  \"order_by\": \"name\",\r\n  \"order_direction\": \"DESC\"\r\n}",
					"options": {
						"raw": {
							"language": "json"
						}
					}
				},
				"url": {
					"raw": "{{server}}/api/users",
					"host": [
						"{{server}}"
					],
					"path": [
						"api",
						"users"
					]
				}
			},
			"response": []
		},
		{
			"name": "Users Get",
			"event": [
				{
					"listen": "test",
					"script": {
						"exec": [
							""
						],
						"type": "text/javascript"
					}
				}
			],
			"protocolProfileBehavior": {
				"disableBodyPruning": true
			},
			"request": {
				"auth": {
					"type": "noauth"
				},
				"method": "GET",
				"header": [],
				"body": {
					"mode": "raw",
					"raw": "{}",
					"options": {
						"raw": {
							"language": "json"
						}
					}
				},
				"url": {
					"raw": "{{server}}/api/users/1",
					"host": [
						"{{server}}"
					],
					"path": [
						"api",
						"users",
						"1"
					]
				}
			},
			"response": []
		},
		{
			"name": "Users Get Photo",
			"event": [
				{
					"listen": "test",
					"script": {
						"exec": [
							""
						],
						"type": "text/javascript"
					}
				}
			],
			"protocolProfileBehavior": {
				"disableBodyPruning": true
			},
			"request": {
				"auth": {
					"type": "noauth"
				},
				"method": "GET",
				"header": [],
				"body": {
					"mode": "raw",
					"raw": "{}",
					"options": {
						"raw": {
							"language": "json"
						}
					}
				},
				"url": {
					"raw": "{{server}}/api/users/photo/1",
					"host": [
						"{{server}}"
					],
					"path": [
						"api",
						"users",
						"photo",
						"1"
					]
				}
			},
			"response": []
		},
		{
			"name": "Users Details",
			"event": [
				{
					"listen": "test",
					"script": {
						"exec": [
							""
						],
						"type": "text/javascript"
					}
				}
			],
			"protocolProfileBehavior": {
				"disableBodyPruning": true
			},
			"request": {
				"method": "GET",
				"header": [],
				"body": {
					"mode": "raw",
					"raw": "{}",
					"options": {
						"raw": {
							"language": "json"
						}
					}
				},
				"url": {
					"raw": "{{server}}/api/users/details/1",
					"host": [
						"{{server}}"
					],
					"path": [
						"api",
						"users",
						"details",
						"1"
					]
				}
			},
			"response": []
		},
		{
			"name": "Users Edit",
			"event": [
				{
					"listen": "test",
					"script": {
						"exec": [
							""
						],
						"type": "text/javascript"
					}
				}
			],
			"request": {
				"method": "PUT",
				"header": [],
				"body": {
					"mode": "raw",
					"raw": "{\r\n  \"email\": \"admin@website.com\",\r\n  \"first_name\": \"System\",\r\n  \"last_name\": \"Admin\",\r\n  \"mobile\": \"+201111580099\",\r\n  \"birthdate\": \"1974-03-05\"\r\n}",
					"options": {
						"raw": {
							"language": "json"
						}
					}
				},
				"url": {
					"raw": "{{server}}/api/users/1",
					"host": [
						"{{server}}"
					],
					"path": [
						"api",
						"users",
						"1"
					]
				}
			},
			"response": []
		},
		{
			"name": "Users Update Photo",
			"event": [
				{
					"listen": "test",
					"script": {
						"exec": [
							""
						],
						"type": "text/javascript"
					}
				}
			],
			"request": {
				"method": "POST",
				"header": [],
				"body": {
					"mode": "formdata",
					"formdata": [
						{
							"key": "photo",
							"type": "file",
							"src": "7xXiYxvZL/1.jpg"
						}
					],
					"options": {
						"raw": {
							"language": "json"
						}
					}
				},
				"url": {
					"raw": "{{server}}/api/users/photo/1",
					"host": [
						"{{server}}"
					],
					"path": [
						"api",
						"users",
						"photo",
						"1"
					]
				}
			},
			"response": []
		},
		{
			"name": "Users Settings",
			"event": [
				{
					"listen": "test",
					"script": {
						"exec": [
							""
						],
						"type": "text/javascript"
					}
				}
			],
			"request": {
				"method": "POST",
				"header": [],
				"body": {
					"mode": "raw",
					"raw": "{}",
					"options": {
						"raw": {
							"language": "json"
						}
					}
				},
				"url": {
					"raw": "{{server}}/api/users/settings/1",
					"host": [
						"{{server}}"
					],
					"path": [
						"api",
						"users",
						"settings",
						"1"
					]
				}
			},
			"response": []
		},
		{
			"name": "Users Add",
			"event": [
				{
					"listen": "test",
					"script": {
						"exec": [
							""
						],
						"type": "text/javascript"
					}
				}
			],
			"request": {
				"method": "POST",
				"header": [],
				"body": {
					"mode": "raw",
					"raw": "{\r\n  \"email\": \"test.user1@gmail.com\",\r\n  \"password\": \"User@2020\",\r\n  \"confirm_password\": \"User@2020\",\r\n  \"first_name\": \"Test\",\r\n  \"last_name\": \"User\",\r\n  \"mobile\": \"+2012345678901\"\r\n}",
					"options": {
						"raw": {
							"language": "json"
						}
					}
				},
				"url": {
					"raw": "{{server}}/api/users/add",
					"host": [
						"{{server}}"
					],
					"path": [
						"api",
						"users",
						"add"
					]
				}
			},
			"response": []
		},
		{
			"name": "Users Change Password",
			"event": [
				{
					"listen": "test",
					"script": {
						"exec": [
							""
						],
						"type": "text/javascript"
					}
				}
			],
			"request": {
				"method": "PUT",
				"header": [],
				"body": {
					"mode": "raw",
					"raw": "{\"old_password\":\"User@2020\",\"password\":\"User@2020\",\"confirm_password\":\"User@2020\"}",
					"options": {
						"raw": {
							"language": "json"
						}
					}
				},
				"url": {
					"raw": "{{server}}/api/users/password/1",
					"host": [
						"{{server}}"
					],
					"path": [
						"api",
						"users",
						"password",
						"1"
					]
				}
			},
			"response": []
		},
		{
			"name": "Users Delete",
			"event": [
				{
					"listen": "test",
					"script": {
						"exec": [
							""
						],
						"type": "text/javascript"
					}
				}
			],
			"request": {
				"method": "DELETE",
				"header": [],
				"body": {
					"mode": "raw",
					"raw": "{}",
					"options": {
						"raw": {
							"language": "json"
						}
					}
				},
				"url": {
					"raw": "{{server}}/api/users/6",
					"host": [
						"{{server}}"
					],
					"path": [
						"api",
						"users",
						"6"
					]
				}
			},
			"response": []
		},
		{
			"name": "Users Restore",
			"event": [
				{
					"listen": "test",
					"script": {
						"exec": [
							""
						],
						"type": "text/javascript"
					}
				}
			],
			"request": {
				"method": "POST",
				"header": [],
				"body": {
					"mode": "raw",
					"raw": "{}",
					"options": {
						"raw": {
							"language": "json"
						}
					}
				},
				"url": {
					"raw": "{{server}}/api/users/restore/1",
					"host": [
						"{{server}}"
					],
					"path": [
						"api",
						"users",
						"restore",
						"1"
					]
				}
			},
			"response": []
		}
	],
	"auth": {
		"type": "bearer",
		"bearer": [
			{
				"key": "token",
				"value": "{{token}}",
				"type": "string"
			}
		]
	},
	"event": [
		{
			"listen": "prerequest",
			"script": {
				"type": "text/javascript",
				"exec": [
					""
				]
			}
		},
		{
			"listen": "test",
			"script": {
				"type": "text/javascript",
				"exec": [
					""
				]
			}
		}
	]
}