{
	"info": {
		"_postman_id": "003bd2b4-542c-410b-a430-b638bc7c33da",
		"name": "Roles",
		"schema": "https://schema.getpostman.com/json/collection/v2.1.0/collection.json"
	},
	"item": [
		{
			"name": "Roles",
			"protocolProfileBehavior": {
				"disableBodyPruning": true
			},
			"request": {
				"method": "GET",
				"header": [],
				"body": {
					"mode": "raw",
					"raw": ""
				},
				"url": {
					"raw": "{{server}}/api/roles",
					"host": [
						"{{server}}"
					],
					"path": [
						"api",
						"roles"
					]
				}
			},
			"response": []
		},
		{
			"name": "Roles Add",
			"request": {
				"method": "PUT",
				"header": [],
				"body": {
					"mode": "raw",
					"raw": "{\r\n  \"name\": \"rolo2\",\r\n  \"permissions\": [\r\n    1,\r\n    2,\r\n    3,\r\n    4,\r\n    5\r\n  ]\r\n}",
					"options": {
						"raw": {
							"language": "json"
						}
					}
				},
				"url": {
					"raw": "{{server}}/api/roles",
					"host": [
						"{{server}}"
					],
					"path": [
						"api",
						"roles"
					]
				}
			},
			"response": []
		},
		{
			"name": "Roles Delete",
			"request": {
				"method": "DELETE",
				"header": [],
				"url": {
					"raw": "{{server}}/api/roles/6",
					"host": [
						"{{server}}"
					],
					"path": [
						"api",
						"roles",
						"6"
					]
				}
			},
			"response": []
		},
		{
			"name": "Roles Get",
			"request": {
				"method": "GET",
				"header": [],
				"url": {
					"raw": "{{server}}/api/roles/5",
					"host": [
						"{{server}}"
					],
					"path": [
						"api",
						"roles",
						"5"
					]
				}
			},
			"response": []
		},
		{
			"name": "Roles User Get",
			"request": {
				"method": "GET",
				"header": [],
				"url": {
					"raw": "{{server}}/api/roles/user/1",
					"host": [
						"{{server}}"
					],
					"path": [
						"api",
						"roles",
						"user",
						"1"
					]
				}
			},
			"response": []
		},
		{
			"name": "Roles User Put",
			"request": {
				"method": "PUT",
				"header": [],
				"body": {
					"mode": "raw",
					"raw": "{\"roles\":[\"admin\",\"operator\"],\"permissions\":[1,2,3,4,5,6,7,8,9,10,11,12,13,14,15]}",
					"options": {
						"raw": {
							"language": "json"
						}
					}
				},
				"url": {
					"raw": "{{server}}/api/roles/user/3",
					"host": [
						"{{server}}"
					],
					"path": [
						"api",
						"roles",
						"user",
						"3"
					]
				}
			},
			"response": []
		}
	],
	"auth": {
		"type": "bearer",
		"bearer": [
			{
				"key": "token",
				"value": "{{token}}",
				"type": "string"
			}
		]
	},
	"event": [
		{
			"listen": "prerequest",
			"script": {
				"type": "text/javascript",
				"exec": [
					""
				]
			}
		},
		{
			"listen": "test",
			"script": {
				"type": "text/javascript",
				"exec": [
					""
				]
			}
		}
	]
}