{
	"info": {
		"_postman_id": "81fb2dee-2979-4bbd-bbb4-f9e0884051e2",
		"name": "User",
		"schema": "https://schema.getpostman.com/json/collection/v2.1.0/collection.json"
	},
	"item": [
		{
			"name": "User Login",
			"event": [
				{
					"listen": "test",
					"script": {
						"exec": [
							""
						],
						"type": "text/javascript"
					}
				}
			],
			"request": {
				"auth": {
					"type": "noauth"
				},
				"method": "POST",
				"header": [],
				"body": {
					"mode": "raw",
					"raw": "{\r\n  \"email\": \"admin@website.com\",\r\n  \"password\": \"User@2020\",\r\n  \"device_sid\": \"1234\",\r\n  \"device_token\": \"8723897987\"\r\n}",
					"options": {
						"raw": {
							"language": "json"
						}
					}
				},
				"url": {
					"raw": "{{server}}/api/login",
					"host": [
						"{{server}}"
					],
					"path": [
						"api",
						"login"
					]
				}
			},
			"response": []
		},
		{
			"name": "User Logout",
			"event": [
				{
					"listen": "test",
					"script": {
						"exec": [
							""
						],
						"type": "text/javascript"
					}
				}
			],
			"request": {
				"auth": {
					"type": "noauth"
				},
				"method": "POST",
				"header": [],
				"body": {
					"mode": "raw",
					"raw": "{\r\n  \"email\": \"admin@website.com\",\r\n  \"password\": \"User@2020\",\r\n  \"device_sid\": \"1234\",\r\n  \"device_token\": \"8723897987\"\r\n}",
					"options": {
						"raw": {
							"language": "json"
						}
					}
				},
				"url": {
					"raw": "{{server}}/api/logout",
					"host": [
						"{{server}}"
					],
					"path": [
						"api",
						"logout"
					]
				}
			},
			"response": []
		},
		{
			"name": "User Details",
			"event": [
				{
					"listen": "test",
					"script": {
						"exec": [
							""
						],
						"type": "text/javascript"
					}
				}
			],
			"protocolProfileBehavior": {
				"disableBodyPruning": true
			},
			"request": {
				"method": "GET",
				"header": [],
				"body": {
					"mode": "raw",
					"raw": "{}",
					"options": {
						"raw": {
							"language": "json"
						}
					}
				},
				"url": {
					"raw": "{{server}}/api/users/details",
					"host": [
						"{{server}}"
					],
					"path": [
						"api",
						"users",
						"details"
					]
				}
			},
			"response": []
		},
		{
			"name": "User Edit",
			"event": [
				{
					"listen": "test",
					"script": {
						"exec": [
							""
						],
						"type": "text/javascript"
					}
				}
			],
			"request": {
				"method": "PUT",
				"header": [],
				"body": {
					"mode": "raw",
					"raw": "{\r\n    \"first_name\": \"Mohamed\",\r\n    \"middle_name\": \"Ali\",\r\n    \"last_name\": \"Sobh\",\r\n    \"en_name\": \"Mohamed Ali Sobh\",\r\n    \"ar_name\": \"Mohamed Ali Sobh\",\r\n    \"email\": \"malisobh2010@gmail.com\",\r\n    \"personal_email\": \"malisobh2010@gmail.com\",\r\n    \"mobile\": \"+201111580099\",\r\n    \"birthdate\": \"1974-03-05\",\r\n    \"national_id\": \"27403052102714\",\r\n    \"nationality\": \"eg\",\r\n    \"code\": \"201298989\",\r\n    \"type\": 1\r\n}",
					"options": {
						"raw": {
							"language": "json"
						}
					}
				},
				"url": {
					"raw": "{{server}}/api/users/11",
					"host": [
						"{{server}}"
					],
					"path": [
						"api",
						"users",
						"11"
					]
				}
			},
			"response": []
		},
		{
			"name": "Users Update Photo",
			"event": [
				{
					"listen": "test",
					"script": {
						"exec": [
							""
						],
						"type": "text/javascript"
					}
				}
			],
			"request": {
				"method": "POST",
				"header": [],
				"body": {
					"mode": "formdata",
					"formdata": [
						{
							"key": "photo",
							"type": "file",
							"src": "7xXiYxvZL/1.jpg"
						}
					]
				},
				"url": {
					"raw": "{{server}}/api/users/photo",
					"host": [
						"{{server}}"
					],
					"path": [
						"api",
						"users",
						"photo"
					]
				}
			},
			"response": []
		},
		{
			"name": "User Change Password",
			"event": [
				{
					"listen": "test",
					"script": {
						"exec": [
							""
						],
						"type": "text/javascript"
					}
				}
			],
			"request": {
				"method": "PUT",
				"header": [],
				"body": {
					"mode": "raw",
					"raw": "{\"old_password\":\"User@2020\",\"password\":\"User@2020\",\"confirm_password\":\"User@2020\"}",
					"options": {
						"raw": {
							"language": "json"
						}
					}
				},
				"url": {
					"raw": "{{server}}/api/users/password",
					"host": [
						"{{server}}"
					],
					"path": [
						"api",
						"users",
						"password"
					]
				}
			},
			"response": []
		}
	],
	"auth": {
		"type": "bearer",
		"bearer": [
			{
				"key": "token",
				"value": "{{token}}",
				"type": "string"
			}
		]
	},
	"event": [
		{
			"listen": "prerequest",
			"script": {
				"type": "text/javascript",
				"exec": [
					""
				]
			}
		},
		{
			"listen": "test",
			"script": {
				"type": "text/javascript",
				"exec": [
					""
				]
			}
		}
	]
}